date,ingested_gb
2025-04-09,120.0
2025-04-10,122.4
2025-04-11,118.5
2025-04-12,93.8
2025-04-13,96.6
2025-04-14,114.1
2025-04-15,122.0
2025-04-16,131.7
2025-04-17,118.5
2025-04-18,117.8
2025-04-19,103.5
2025-04-20,103.0
2025-04-21,124.0
2025-04-22,116.6
2025-04-23,123.5
2025-04-24,129.2
2025-04-25,114.3
2025-04-26,99.3
2025-04-27,90.7
2025-04-28,115.4
2025-04-29,111.5
2025-04-30,123.9
2025-05-01,116.4
2025-05-02,128.3
2025-05-03,104.7
2025-05-04,102.8
2025-05-05,107.9
2025-05-06,123.2
2025-05-07,127.2
2025-05-08,128.8
2025-05-09,116.4
2025-05-10,102.3
2025-05-11,99.4
2025-05-12,122.8
2025-05-13,137.5
2025-05-14,123.3
2025-05-15,129.6
2025-05-16,137.1
2025-05-17,103.2
2025-05-18,106.5
2025-05-19,131.9
2025-05-20,131.8
2025-05-21,121.9
2025-05-22,132.5
2025-05-23,143.0
2025-05-24,98.5
2025-05-25,114.5
2025-05-26,134.0
2025-05-27,128.2
2025-05-28,149.7
2025-05-29,140.1
2025-05-30,124.6
2025-05-31,110.8
2025-06-01,114.4
2025-06-02,133.6
2025-06-03,141.0
2025-06-04,135.2
2025-06-05,141.5
2025-06-06,148.1
2025-06-07,107.5
2025-06-08,113.6
2025-06-09,133.4
2025-06-10,138.6
2025-06-11,128.0
2025-06-12,133.3
2025-06-13,136.8
2025-06-14,119.9
2025-06-15,121.8
2025-06-16,128.3
2025-06-17,133.0
2025-06-18,145.4
2025-06-19,123.5
2025-06-20,136.7
2025-06-21,114.8
2025-06-22,124.5
2025-06-23,147.4
2025-06-24,139.0
2025-06-25,139.0
2025-06-26,140.3
2025-06-27,155.8
2025-06-28,114.3
2025-06-29,115.4
2025-06-30,146.7
2025-07-01,143.0
2025-07-02,142.6
2025-07-03,135.0
2025-07-04,144.9
2025-07-05,116.0
2025-07-06,127.7
2025-07-07,151.6
2025-07-08,146.0
2025-07-09,152.4
2025-07-10,143.9
2025-07-11,156.5
2025-07-12,120.9
2025-07-13,125.5
2025-07-14,136.7
2025-07-15,151.6
2025-07-16,133.8
2025-07-17,130.9
2025-07-18,146.8
2025-07-19,116.2
2025-07-20,124.3
2025-07-21,170.7
2025-07-22,143.3
2025-07-23,145.5
2025-07-24,153.3
2025-07-25,156.3
2025-07-26,123.4
2025-07-27,123.5
2025-07-28,159.3
2025-07-29,157.9
2025-07-30,144.0
2025-07-31,153.1
2025-08-01,154.5
2025-08-02,118.7
2025-08-03,129.0
2025-08-04,147.2
2025-08-05,164.6
2025-08-06,157.7
2025-08-07,157.0
2025-08-08,151.0
2025-08-09,127.7
2025-08-10,113.5
2025-08-11,146.9
2025-08-12,161.4
2025-08-13,138.1
2025-08-14,166.7
2025-08-15,142.3
2025-08-16,136.6
2025-08-17,124.3
2025-08-18,167.5
2025-08-19,161.6
2025-08-20,145.9
2025-08-21,173.2
2025-08-22,175.4
2025-08-23,132.2
2025-08-24,130.8
2025-08-25,161.0
2025-08-26,153.3
2025-08-27,174.0
2025-08-28,158.3
2025-08-29,163.4
2025-08-30,128.3
2025-08-31,130.0
2025-09-01,152.4
2025-09-02,177.9
2025-09-03,164.2
2025-09-04,175.8
2025-09-05,166.6
2025-09-06,131.1
2025-09-07,134.4
2025-09-08,162.0
2025-09-09,168.0
2025-09-10,164.5
2025-09-11,165.7
2025-09-12,155.1
2025-09-13,132.2
2025-09-14,153.1
2025-09-15,163.3
2025-09-16,159.8
2025-09-17,174.4
2025-09-18,185.8
2025-09-19,156.7
2025-09-20,139.3
2025-09-21,136.0
2025-09-22,154.6
2025-09-23,180.8
2025-09-24,173.3
2025-09-25,174.7
2025-09-26,166.5
2025-09-27,147.2
2025-09-28,139.0
2025-09-29,174.0
2025-09-30,164.2
2025-10-01,163.4
2025-10-02,190.8
2025-10-03,171.7
2025-10-04,148.1
2025-10-05,145.5
2025-10-06,173.5
2025-10-07,173.2
2025-10-08,185.8
2025-10-09,176.2
2025-10-10,178.2
2025-10-11,148.0
2025-10-12,158.5
2025-10-13,188.4
2025-10-14,185.6
2025-10-15,175.6
2025-10-16,167.1
2025-10-17,193.0
2025-10-18,158.8
2025-10-19,149.1
2025-10-20,189.8
2025-10-21,192.8
2025-10-22,193.8
2025-10-23,195.2
2025-10-24,180.3
2025-10-25,166.2
2025-10-26,141.3
2025-10-27,196.3
2025-10-28,192.6
2025-10-29,197.3
2025-10-30,209.1
2025-10-31,205.1
2025-11-01,144.1
2025-11-02,139.4
2025-11-03,198.8
2025-11-04,178.4
2025-11-05,190.2
2025-11-06,200.4
2025-11-07,172.4
2025-11-08,137.2
2025-11-09,159.9
2025-11-10,193.0
2025-11-11,190.1
2025-11-12,193.8
2025-11-13,183.7
2025-11-14,176.5
2025-11-15,158.0
2025-11-16,150.6
2025-11-17,176.2
2025-11-18,201.8
2025-11-19,195.6
2025-11-20,201.6
2025-11-21,185.5
2025-11-22,155.6
2025-11-23,152.7
2025-11-24,187.9
2025-11-25,201.3
2025-11-26,190.0
2025-11-27,204.1
2025-11-28,204.3
2025-11-29,184.6
2025-11-30,151.1
2025-12-01,212.3
2025-12-02,200.9
2025-12-03,202.3
2025-12-04,185.2
2025-12-05,197.7
2025-12-06,174.6
2025-12-07,166.6
2025-12-08,205.7
2025-12-09,201.6
2025-12-10,219.8
2025-12-11,205.8
2025-12-12,179.2
2025-12-13,162.7
2025-12-14,150.0
2025-12-15,167.3
2025-12-16,201.7
2025-12-17,225.5
2025-12-18,209.8
2025-12-19,194.9
2025-12-20,162.6
2025-12-21,184.4
2025-12-22,213.1
2025-12-23,212.2
2025-12-24,211.3
2025-12-25,213.0
2025-12-26,223.2
2025-12-27,180.8
2025-12-28,177.7
2025-12-29,200.9
2025-12-30,221.4
2025-12-31,206.5
2026-01-01,229.9
2026-01-02,199.8
2026-01-03,176.2
2026-01-04,178.0
2026-01-05,200.4
2026-01-06,240.7
2026-01-07,237.8
2026-01-08,213.0
2026-01-09,229.8
2026-01-10,184.6
2026-01-11,152.5
2026-01-12,224.4
2026-01-13,220.7
2026-01-14,223.1
2026-01-15,208.1
2026-01-16,219.4
2026-01-17,181.3
2026-01-18,196.8
2026-01-19,229.0
2026-01-20,224.9
2026-01-21,246.2
2026-01-22,218.4
2026-01-23,221.2
2026-01-24,165.8
2026-01-25,204.1
2026-01-26,241.2
2026-01-27,241.0
2026-01-28,238.2
2026-01-29,231.0
2026-01-30,232.9
2026-01-31,186.1
2026-02-01,187.1
2026-02-02,232.3
2026-02-03,253.1
2026-02-04,240.3
2026-02-05,232.2
2026-02-06,225.4
2026-02-07,184.6
2026-02-08,210.8
2026-02-09,242.2
2026-02-10,236.6
2026-02-11,231.2
2026-02-12,220.9
2026-02-13,236.2
2026-02-14,205.1
2026-02-15,190.7
2026-02-16,235.5
2026-02-17,236.1
2026-02-18,241.4
2026-02-19,217.3
2026-02-20,237.4
2026-02-21,187.8
2026-02-22,208.9
2026-02-23,231.2
2026-02-24,251.4
2026-02-25,265.8
2026-02-26,239.4
2026-02-27,235.7
2026-02-28,203.3
2026-03-01,201.4
2026-03-02,231.5
2026-03-03,253.6
2026-03-04,277.2
2026-03-05,244.0
2026-03-06,245.3
2026-03-07,191.3
2026-03-08,208.5
2026-03-09,231.3
2026-03-10,233.9
2026-03-11,270.4
2026-03-12,238.0
2026-03-13,268.6
2026-03-14,226.2
2026-03-15,211.0
2026-03-16,262.3
2026-03-17,284.2
2026-03-18,252.0
2026-03-19,246.5
2026-03-20,235.3
2026-03-21,211.0
2026-03-22,229.7
2026-03-23,272.7
2026-03-24,243.8
2026-03-25,245.7
2026-03-26,251.7
2026-03-27,264.7
2026-03-28,211.1
2026-03-29,217.0
2026-03-30,266.5
2026-03-31,257.7
2026-04-01,262.3
2026-04-02,266.8
2026-04-03,262.8
2026-04-04,223.6
2026-04-05,242.0
2026-04-06,275.3
2026-04-07,267.3
2026-04-08,240.0
2026-04-09,273.9
2026-04-10,236.9
2026-04-11,201.8
2026-04-12,232.2
2026-04-13,281.4
2026-04-14,268.2
2026-04-15,243.4
2026-04-16,265.7
2026-04-17,261.3
2026-04-18,232.4
2026-04-19,254.7
2026-04-20,277.7
2026-04-21,261.9
2026-04-22,256.0
2026-04-23,275.1
2026-04-24,273.7
2026-04-25,211.6
2026-04-26,229.4
2026-04-27,259.2
2026-04-28,297.7
2026-04-29,297.5
2026-04-30,298.5
2026-05-01,272.9
2026-05-02,238.0
2026-05-03,229.5
2026-05-04,276.1
2026-05-05,277.6
2026-05-06,261.8
2026-05-07,260.0
2026-05-08,298.8
2026-05-09,231.7
2026-05-10,238.0
2026-05-11,304.4
2026-05-12,257.8
2026-05-13,274.8
2026-05-14,292.1
2026-05-15,296.5
2026-05-16,232.7
2026-05-17,253.3
2026-05-18,295.3
2026-05-19,270.9
2026-05-20,276.5
2026-05-21,307.7
2026-05-22,302.3
2026-05-23,214.2
2026-05-24,261.9
2026-05-25,306.7
2026-05-26,320.7
2026-05-27,290.6
2026-05-28,292.8
2026-05-29,278.5
2026-05-30,282.9
2026-05-31,243.4
2026-06-01,329.3
2026-06-02,289.6
2026-06-03,305.0
2026-06-04,272.3
2026-06-05,296.4
2026-06-06,264.0
2026-06-07,231.1
2026-06-08,325.0
2026-06-09,312.2
2026-06-10,287.5
2026-06-11,298.1
2026-06-12,299.6
2026-06-13,252.4
2026-06-14,245.6
2026-06-15,294.7
2026-06-16,305.1
2026-06-17,292.3
2026-06-18,288.0
2026-06-19,311.9
2026-06-20,270.7
2026-06-21,234.0
2026-06-22,315.0
2026-06-23,303.3
2026-06-24,297.7
2026-06-25,333.2
2026-06-26,307.8
2026-06-27,284.5
2026-06-28,249.4
2026-06-29,327.2
2026-06-30,316.1
2026-07-01,306.7
2026-07-02,333.2
2026-07-03,319.6
2026-07-04,274.7
2026-07-05,264.9
2026-07-06,303.6
2026-07-07,323.5
2026-07-08,327.2
2026-07-09,345.7
2026-07-10,309.8
2026-07-11,268.6
2026-07-12,241.9
2026-07-13,342.7
2026-07-14,309.0
2026-07-15,295.3
2026-07-16,330.8
2026-07-17,354.7
2026-07-18,248.4
2026-07-19,256.1
2026-07-20,319.9
2026-07-21,312.9
2026-07-22,344.0
2026-07-23,320.8
2026-07-24,323.2
2026-07-25,287.3
2026-07-26,265.6
2026-07-27,348.9
2026-07-28,321.0
2026-07-29,316.7
2026-07-30,304.6
2026-07-31,381.4
2026-08-01,276.5
2026-08-02,286.7
2026-08-03,344.7
2026-08-04,349.4
2026-08-05,347.9
2026-08-06,387.4
2026-08-07,326.7
2026-08-08,259.6
2026-08-09,269.5
2026-08-10,322.6
2026-08-11,367.2
2026-08-12,369.6
2026-08-13,332.7
2026-08-14,324.3
2026-08-15,284.6
2026-08-16,315.7
2026-08-17,295.9
2026-08-18,368.2
2026-08-19,334.6
2026-08-20,380.9
2026-08-21,336.0
2026-08-22,290.2
2026-08-23,269.2
2026-08-24,340.4
2026-08-25,392.6
2026-08-26,381.1
2026-08-27,355.3
2026-08-28,345.8
2026-08-29,265.8
2026-08-30,293.4
2026-08-31,366.6
2026-09-01,366.2
2026-09-02,366.8
2026-09-03,344.8
2026-09-04,369.0
2026-09-05,303.8
2026-09-06,328.8
2026-09-07,414.7
2026-09-08,370.7
2026-09-09,357.4
2026-09-10,374.0
2026-09-11,362.5
2026-09-12,295.4
2026-09-13,308.8
2026-09-14,355.0
2026-09-15,393.4
2026-09-16,378.0
2026-09-17,387.0
2026-09-18,377.9
2026-09-19,300.3
2026-09-20,296.8
2026-09-21,379.1
2026-09-22,372.8
2026-09-23,391.7
2026-09-24,387.0
2026-09-25,356.3
2026-09-26,320.1
2026-09-27,293.8
2026-09-28,376.1
2026-09-29,384.5
2026-09-30,343.4
